100,123500,石狩市,いしかりし
100,130300,当別町,とうべつちょう
100,130400,新篠津村,しんしのつむら
101,110100,札幌中央区,さっぽろちゅうおうく
101,110200,札幌北区,さっぽろきたく
101,110300,札幌東区,さっぽろひがしく
101,110400,札幌白石区,さっぽろしろいしく
101,110500,札幌豊平区,さっぽろとよひらく
101,110600,札幌南区,さっぽろみなみく
101,110700,札幌西区,さっぽろにしく
101,110800,札幌厚別区,さっぽろあつべつく
101,110900,札幌手稲区,さっぽろていねく
101,111000,札幌清田区,さっぽろきよたく
101,121700,江別市,えべつし
102,122400,千歳市,ちとせし
102,123100,恵庭市,えにわし
102,123400,北広島市,きたひろしまし
105,134600,八雲町,やくもちょう
105,134700,長万部町,おしゃまんべちょう
106,120200,函館市,はこだてし
106,123600,渡島北斗市,おしまほくとし
106,133700,七飯町,ななえちょう
106,134300,鹿部町,しかべちょう
106,134500,渡島森町,おしまもりまち
107,133100,渡島松前町,おしままつまえちょう
107,133200,福島町,ふくしまちょう
107,133300,知内町,しりうちちょう
107,133400,木古内町,きこないちょう
110,136100,檜山江差町,ひやまえさしちょう
110,136200,上ノ国町,かみのくにちょう
110,136300,厚沢部町,あっさぶちょう
110,136400,乙部町,おとべちょう
110,137000,今金町,いまかねちょう
110,137100,せたな町,せたなちょう
115,120300,小樽市,おたるし
115,140500,積丹町,しゃこたんちょう
115,140600,古平町,ふるびらちょう
115,140700,仁木町,にきちょう
115,140800,余市町,よいちちょう
115,140900,赤井川村,あかいがわむら
116,139500,ニセコ町,にせこちょう
116,139600,真狩村,まっかりむら
116,139700,留寿都村,るすつむら
116,139800,喜茂別町,きもべつちょう
116,139900,京極町,きょうごくちょう
116,140000,倶知安町,くっちゃんちょう
117,139100,島牧村,しままきむら
117,139200,寿都町,すっつちょう
117,139300,黒松内町,くろまつないちょう
117,139400,蘭越町,らんこしちょう
117,140100,共和町,きょうわちょう
117,140200,岩内町,いわないちょう
117,140300,泊村,とまりむら
117,140400,神恵内村,かもえないむら
119,136700,奥尻町,おくしりちょう
120,122800,深川市,ふかがわし
120,143300,妹背牛町,もせうしちょう
120,143400,秩父別町,ちっぷべつちょう
120,143700,北竜町,ほくりゅうちょう
120,143800,沼田町,ぬまたちょう
121,121600,芦別市,あしべつし
121,121800,赤平市,あかびらし
121,122500,滝川市,たきかわし
121,122600,砂川市,すながわし
121,122700,歌志内市,うたしないし
121,142400,奈井江町,ないえちょう
121,142500,上砂川町,かみすながわちょう
121,143100,浦臼町,うらうすちょう
121,143200,新十津川町,しんとつかわちょう
121,143600,雨竜町,うりゅうちょう
122,120900,夕張市,ゆうばりし
122,121000,岩見沢市,いわみざわし
122,121500,美唄市,びばいし
122,122200,三笠市,みかさし
122,142300,南幌町,なんぽろちょう
122,142700,由仁町,ゆにちょう
122,142800,長沼町,ながぬまちょう
122,142900,栗山町,くりやまちょう
122,143000,月形町,つきがたちょう
125,122000,士別市,しべつし
125,122100,名寄市,なよろし
125,146400,和寒町,わっさむちょう
125,146500,剣淵町,けんぶちちょう
125,146800,下川町,しもかわちょう
125,146900,美深町,びふかちょう
125,147000,音威子府村,おといねっぷむら
125,147100,上川中川町,かみかわなかがわちょう
125,147200,幌加内町,ほろかないちょう
126,120400,旭川市,あさひかわし
126,145200,鷹栖町,たかすちょう
126,145300,東神楽町,ひがしかぐらちょう
126,145400,当麻町,とうまちょう
126,145500,比布町,ぴっぷちょう
126,145600,愛別町,あいべつちょう
126,145700,上川地方上川町,かみかわちほうかみかわちょう
126,145800,東川町,ひがしかわちょう
126,145900,美瑛町,びえいちょう
127,122900,富良野市,ふらのし
127,146000,上富良野町,かみふらのちょう
127,146100,中富良野町,なかふらのちょう
127,146200,南富良野町,みなみふらのちょう
127,146300,占冠村,しむかっぷむら
130,148300,苫前町,とままえちょう
130,148400,羽幌町,はぼろちょう
130,148500,初山別村,しょさんべつむら
130,148600,遠別町,えんべつちょう
130,148700,天塩町,てしおちょう
131,121200,留萌市,るもいし
131,148100,増毛町,ましけちょう
131,148200,小平町,おびらちょう
135,121400,稚内市,わっかないし
135,151100,猿払村,さるふつむら
135,151600,豊富町,とよとみちょう
135,152000,幌延町,ほろのべちょう
136,151200,浜頓別町,はまとんべつちょう
136,151300,中頓別町,なかとんべつちょう
136,151400,宗谷枝幸町,そうやえさしちょう
139,151700,礼文町,れぶんちょう
139,151800,利尻町,りしりちょう
139,151900,利尻富士町,りしりふじちょう
140,121100,網走市,あばしりし
140,154300,美幌町,びほろちょう
140,154400,津別町,つべつちょう
140,154500,斜里町,しゃりちょう
140,154600,清里町,きよさとちょう
140,154700,小清水町,こしみずちょう
140,156400,大空町,おおぞらちょう
141,120800,北見市,きたみし
141,154900,訓子府町,くんねっぷちょう
141,155000,置戸町,おけとちょう
141,155200,佐呂間町,さろまちょう
142,121900,紋別市,もんべつし
142,155500,遠軽町,えんがるちょう
142,155900,湧別町,ゆうべつちょう
142,156000,滝上町,たきのうえちょう
142,156100,興部町,おこっぺちょう
142,156200,西興部村,にしおこっぺむら
142,156300,雄武町,おうむちょう
145,123300,胆振伊達市,いぶりだてし
145,157100,豊浦町,とようらちょう
145,157500,壮瞥町,そうべつちょう
145,158400,洞爺湖町,とうやこちょう
146,120500,室蘭市,むろらんし
146,121300,苫小牧市,とまこまいし
146,123000,登別市,のぼりべつし
146,157800,白老町,しらおいちょう
146,158100,厚真町,あつまちょう
146,158500,安平町,あびらちょう
146,158600,むかわ町,むかわちょう
150,160100,日高地方日高町,ひだかちほうひだかちょう
150,160200,平取町,びらとりちょう
151,160400,新冠町,にいかっぷちょう
151,161000,新ひだか町,しんひだかちょう
152,160700,浦河町,うらかわちょう
152,160800,様似町,さまにちょう
152,160900,えりも町,えりもちょう
155,163300,上士幌町,かみしほろちょう
155,163400,鹿追町,しかおいちょう
155,163500,新得町,しんとくちょう
155,164700,足寄町,あしょろちょう
155,164800,陸別町,りくべつちょう
156,120700,帯広市,おびひろし
156,163100,音更町,おとふけちょう
156,163200,士幌町,しほろちょう
156,163600,十勝清水町,とかちしみずちょう
156,163700,芽室町,めむろちょう
156,164300,幕別町,まくべつちょう
156,164400,十勝池田町,とかちいけだちょう
156,164500,豊頃町,とよころちょう
156,164600,本別町,ほんべつちょう
156,164900,浦幌町,うらほろちょう
157,163800,中札内村,なかさつないむら
157,163900,更別村,さらべつむら
157,164100,十勝大樹町,とかちたいきちょう
157,164200,広尾町,ひろおちょう
160,166500,弟子屈町,てしかがちょう
161,120600,釧路市,くしろし
161,166100,釧路町,くしろちょう
161,166200,厚岸町,あっけしちょう
161,166300,浜中町,はまなかちょう
161,166400,標茶町,しべちゃちょう
161,166700,鶴居村,つるいむら
161,166800,白糠町,しらぬかちょう
165,169200,中標津町,なかしべつちょう
165,169300,標津町,しべつちょう
165,169400,羅臼町,らうすちょう
166,169100,別海町,べつかいちょう
167,122300,根室市,ねむろし
200,220100,青森市,あおもりし
200,220500,五所川原市,ごしょがわらし
200,220900,つがる市,つがるし
200,230100,平内町,ひらないまち
200,230300,今別町,いまべつまち
200,230400,蓬田村,よもぎたむら
200,230700,外ヶ浜町,そとがはままち
200,238100,板柳町,いたやなぎまち
200,238400,鶴田町,つるたまち
200,238700,中泊町,なかどまりまち
201,220200,弘前市,ひろさきし
201,220400,黒石市,くろいしし
201,221000,平川市,ひらかわし
201,232100,鰺ヶ沢町,あじがさわまち
201,232300,深浦町,ふかうらまち
201,234300,西目屋村,にしめやむら
201,236100,藤崎町,ふじさきまち
201,236200,大鰐町,おおわにまち
201,236700,田舎館村,いなかだてむら
202,220300,八戸市,はちのへし
202,220600,十和田市,とわだし
202,220700,三沢市,みさわし
202,240100,野辺地町,のへじまち
202,240200,七戸町,しちのへまち
202,240500,六戸町,ろくのへまち
202,240600,横浜町,よこはままち
202,240800,東北町,とうほくまち
202,241100,六ヶ所村,ろっかしょむら
202,241200,おいらせ町,おいらせちょう
202,244100,三戸町,さんのへまち
202,244200,五戸町,ごのへまち
202,244300,田子町,たっこまち
202,244500,青森南部町,あおもりなんぶちょう
202,244600,階上町,はしかみちょう
202,245000,新郷村,しんごうむら
203,220800,むつ市,むつし
203,242300,大間町,おおままち
203,242400,東通村,ひがしどおりむら
203,242500,風間浦村,かざまうらむら
203,242600,佐井村,さいむら
210,320200,宮古市,みやこし
210,320700,久慈市,くじし
210,348200,山田町,やまだまち
210,348300,岩泉町,いわいずみちょう
210,348400,田野畑村,たのはたむら
210,348500,普代村,ふだいむら
210,350300,野田村,のだむら
210,350700,岩手洋野町,いわてひろのちょう
211,320300,大船渡市,おおふなとし
211,321000,陸前高田市,りくぜんたかたし
211,321100,釜石市,かまいしし
211,344100,住田町,すみたちょう
211,346100,大槌町,おおつちちょう
212,320100,盛岡市,もりおかし
212,321300,二戸市,にのへし
212,321400,八幡平市,はちまんたいし
212,321600,滝沢市,たきざわし
212,330100,雫石町,しずくいしちょう
212,330200,葛巻町,くずまきまち
212,330300,岩手町,いわてまち
212,332100,紫波町,しわちょう
212,332200,矢巾町,やはばちょう
212,350100,軽米町,かるまいまち
212,350600,九戸村,くのへむら
212,352400,一戸町,いちのへまち
213,320500,花巻市,はなまきし
213,320600,北上市,きたかみし
213,320800,遠野市,とおのし
213,320900,一関市,いちのせきし
213,321500,奥州市,おうしゅうし
213,336600,西和賀町,にしわがまち
213,338100,金ケ崎町,かねがさきちょう
213,340200,平泉町,ひらいずみちょう
220,420500,気仙沼市,けせんぬまし
220,421200,登米市,とめし
220,421300,栗原市,くりはらし
220,421500,大崎市,おおさきし
220,444400,色麻町,しかまちょう
220,444500,宮城加美町,みやぎかみまち
220,450100,涌谷町,わくやちょう
220,450500,宮城美里町,みやぎみさとまち
220,460600,南三陸町,みなみさんりくちょう
221,420600,白石市,しろいしし
221,420700,名取市,なとりし
221,420800,角田市,かくだし
221,421100,岩沼市,いわぬまし
221,430100,蔵王町,ざおうまち
221,430200,七ヶ宿町,しちかしゅくまち
221,432100,大河原町,おおがわらまち
221,432200,村田町,むらたまち
221,432300,柴田町,しばたまち
221,432400,宮城川崎町,みやぎかわさきまち
221,434100,丸森町,まるもりまち
221,436100,亘理町,わたりちょう
221,436200,山元町,やまもとちょう
222,410100,仙台青葉区,せんだいあおばく
222,410200,仙台宮城野区,せんだいみやぎのく
222,410300,仙台若林区,せんだいわかばやしく
222,410400,仙台太白区,せんだいたいはくく
222,410500,仙台泉区,せんだいいずみく
222,420200,石巻市,いしのまきし
222,420300,塩竈市,しおがまし
222,420900,多賀城市,たがじょうし
222,421400,東松島市,ひがしまつしまし
222,421600,富谷市,とみやし
222,440100,松島町,まつしままち
222,440400,七ヶ浜町,しちがはままち
222,440600,利府町,りふちょう
222,442100,大和町,たいわちょう
222,442200,大郷町,おおさとちょう
222,442400,大衡村,おおひらむら
222,458100,女川町,おながわちょう
230,520200,能代市,のしろし
230,520600,男鹿市,おがし
230,521100,潟上市,かたがみし
230,534600,藤里町,ふじさとまち
230,534800,三種町,みたねちょう
230,534900,八峰町,はっぽうちょう
230,536100,五城目町,ごじょうめまち
230,536300,八郎潟町,はちろうがたまち
230,536600,井川町,いかわまち
230,536800,大潟村,おおがたむら
231,520100,秋田市,あきたし
231,521000,由利本荘市,ゆりほんじょうし
231,521400,にかほ市,にかほし
232,520400,大館市,おおだてし
232,520900,鹿角市,かづのし
232,521300,北秋田市,きたあきたし
232,530300,小坂町,こさかまち
232,532700,上小阿仁村,かみこあにむら
233,520300,横手市,よこてし
233,520700,湯沢市,ゆざわし
233,521200,大仙市,だいせんし
233,521500,仙北市,せんぼくし
233,543400,秋田美郷町,あきたみさとちょう
233,546300,羽後町,うごまち
233,546400,東成瀬村,ひがしなるせむら
240,620300,鶴岡市,つるおかし
240,620400,酒田市,さかたし
240,642600,三川町,みかわまち
240,642800,庄内町,しょうないまち
240,646100,遊佐町,ゆざまち
241,620500,新庄市,しんじょうし
241,636100,山形金山町,やまがたかねやままち
241,636200,最上町,もがみまち
241,636300,舟形町,ふながたまち
241,636400,真室川町,まむろがわまち
241,636500,大蔵村,おおくらむら
241,636600,鮭川村,さけがわむら
241,636700,戸沢村,とざわむら
242,620100,山形市,やまがたし
242,620600,寒河江市,さがえし
242,620700,上山市,かみのやまし
242,620800,村山市,むらやまし
242,621000,天童市,てんどうし
242,621100,東根市,ひがしねし
242,621200,尾花沢市,おばなざわし
242,630100,山辺町,やまのべまち
242,630200,中山町,なかやままち
242,632100,河北町,かほくちょう
242,632200,西川町,にしかわまち
242,632300,山形朝日町,やまがたあさひまち
242,632400,大江町,おおえまち
242,634100,大石田町,おおいしだまち
243,620200,米沢市,よねざわし
243,620900,長井市,ながいし
243,621300,南陽市,なんようし
243,638100,高畠町,たかはたまち
243,638200,山形川西町,やまがたかわにしまち
243,640100,山形小国町,やまがたおぐにまち
243,640200,白鷹町,しらたかまち
243,640300,飯豊町,いいでまち
250,720100,福島市,ふくしまし
250,720300,郡山市,こおりやまし
250,720500,白河市,しらかわし
250,720700,須賀川市,すかがわし
250,721000,二本松市,にほんまつし
250,721100,田村市,たむらし
250,721300,福島伊達市,ふくしまだてし
250,721400,本宮市,もとみやし
250,730100,桑折町,こおりまち
250,730300,国見町,くにみまち
250,730800,川俣町,かわまたまち
250,732200,大玉村,おおたまむら
250,734200,鏡石町,かがみいしまち
250,734400,天栄村,てんえいむら
250,746100,西郷村,にしごうむら
250,746400,泉崎村,いずみざきむら
250,746500,中島村,なかじまむら
250,746600,矢吹町,やぶきまち
250,748100,棚倉町,たなぐらまち
250,748200,矢祭町,やまつりまち
250,748300,塙町,はなわまち
250,748400,鮫川村,さめがわむら
250,750100,石川町,いしかわまち
250,750200,玉川村,たまかわむら
250,750300,平田村,ひらたむら
250,750400,浅川町,あさかわまち
250,750500,古殿町,ふるどのまち
250,752100,三春町,みはるまち
250,752200,小野町,おのまち
251,720400,いわき市,いわきし
251,720900,相馬市,そうまし
251,721200,南相馬市,みなみそうまし
251,754100,福島広野町,ふくしまひろのまち
251,754200,楢葉町,ならはまち
251,754300,富岡町,とみおかまち
251,754400,川内村,かわうちむら
251,754500,大熊町,おおくままち
251,754600,双葉町,ふたばまち
251,754700,浪江町,なみえまち
251,754800,葛尾村,かつらおむら
251,756100,新地町,しんちまち
251,756400,飯舘村,いいたてむら
252,720200,会津若松市,あいづわかまつし
252,720800,喜多方市,きたかたし
252,736200,下郷町,しもごうまち
252,736400,檜枝岐村,ひのえまたむら
252,736700,只見町,ただみまち
252,736800,南会津町,みなみあいづまち
252,740200,北塩原村,きたしおばらむら
252,740500,西会津町,にしあいづまち
252,740700,磐梯町,ばんだいまち
252,740800,猪苗代町,いなわしろまち
252,742100,会津坂下町,あいづばんげまち
252,742200,湯川村,ゆがわむら
252,742300,柳津町,やないづまち
252,744400,三島町,みしままち
252,744500,福島金山町,ふくしまかねやままち
252,744600,福島昭和村,ふくしましょうわむら
252,744700,会津美里町,あいづみさとまち
300,820100,水戸市,みとし
300,820200,日立市,ひたちし
300,821200,常陸太田市,ひたちおおたし
300,821400,高萩市,たかはぎし
300,821500,北茨城市,きたいばらきし
300,821600,笠間市,かさまし
300,822100,ひたちなか市,ひたちなかし
300,822500,常陸大宮市,ひたちおおみやし
300,822600,那珂市,なかし
300,823600,小美玉市,おみたまし
300,830200,茨城町,いばらきまち
300,830900,大洗町,おおあらいまち
300,831000,城里町,しろさとまち
300,834100,東海村,とうかいむら
300,836400,大子町,だいごまち
301,820300,土浦市,つちうらし
301,820400,茨城古河市,いばらきこがし
301,820500,石岡市,いしおかし
301,820700,結城市,ゆうきし
301,820800,龍ケ崎市,りゅうがさきし
301,821000,下妻市,しもつまし
301,821100,常総市,じょうそうし
301,821700,取手市,とりでし
301,821900,牛久市,うしくし
301,822000,つくば市,つくばし
301,822200,茨城鹿嶋市,いばらきかしまし
301,822300,潮来市,いたこし
301,822400,守谷市,もりやし
301,822700,筑西市,ちくせいし
301,822800,坂東市,ばんどうし
301,822900,稲敷市,いなしきし
301,823000,かすみがうら市,かすみがうらし
301,823100,桜川市,さくらがわし
301,823200,神栖市,かみすし
301,823300,行方市,なめがたし
301,823400,鉾田市,ほこたし
301,823500,つくばみらい市,つくばみらいし
301,844200,美浦村,みほむら
301,844300,阿見町,あみまち
301,844700,河内町,かわちまち
301,852100,八千代町,やちよまち
301,854200,五霞町,ごかまち
301,854600,境町,さかいまち
301,856400,利根町,とねまち
310,920600,日光市,にっこうし
310,921000,大田原市,おおたわらし
310,921100,矢板市,やいたし
310,921300,那須塩原市,なすしおばらし
310,938400,塩谷町,しおやまち
310,940700,那須町,なすまち
311,920100,宇都宮市,うつのみやし
311,920200,足利市,あしかがし
311,920300,栃木市,とちぎし
311,920400,佐野市,さのし
311,920500,鹿沼市,かぬまし
311,920800,小山市,おやまし
311,920900,真岡市,もおかし
311,921400,栃木さくら市,とちぎさくらし
311,921500,那須烏山市,なすからすやまし
311,921600,下野市,しもつけし
311,930100,上三川町,かみのかわまち
311,934200,益子町,ましこまち
311,934300,茂木町,もてぎまち
311,934400,市貝町,いちかいまち
311,934500,芳賀町,はがまち
311,936100,壬生町,みぶまち
311,936400,野木町,のぎまち
311,938600,高根沢町,たかねざわまち
311,941100,栃木那珂川町,とちぎなかがわまち
320,1020600,沼田市,ぬまたし
320,1042100,中之条町,なかのじょうまち
320,1042400,長野原町,ながのはらまち
320,1042500,嬬恋村,つまごいむら
320,1042600,草津町,くさつまち
320,1042800,群馬高山村,ぐんまたかやまむら
320,1042900,東吾妻町,ひがしあがつままち
320,1044300,片品村,かたしなむら
320,1044400,川場村,かわばむら
320,1044800,群馬昭和村,ぐんましょうわむら
320,1044900,みなかみ町,みなかみまち
321,1020100,前橋市,まえばしし
321,1020200,高崎市,たかさきし
321,1020300,桐生市,きりゅうし
321,1020400,伊勢崎市,いせさきし
321,1020500,太田市,おおたし
321,1020700,館林市,たてばやしし
321,1020800,渋川市,しぶかわし
321,1020900,藤岡市,ふじおかし
321,1021000,富岡市,とみおかし
321,1021100,安中市,あんなかし
321,1021200,みどり市,みどりし
321,1034400,榛東村,しんとうむら
321,1034500,吉岡町,よしおかまち
321,1036600,群馬上野村,ぐんまうえのむら
321,1036700,神流町,かんなまち
321,1038200,下仁田町,しもにたまち
321,1038300,群馬南牧村,ぐんまなんもくむら
321,1038400,甘楽町,かんらまち
321,1046400,玉村町,たまむらまち
321,1052100,板倉町,いたくらまち
321,1052200,群馬明和町,ぐんまめいわまち
321,1052300,千代田町,ちよだまち
321,1052400,大泉町,おおいずみまち
321,1052500,邑楽町,おうらまち
330,1120200,熊谷市,くまがやし
330,1120600,行田市,ぎょうだし
330,1121000,加須市,かぞし
330,1121100,本庄市,ほんじょうし
330,1121200,東松山市,ひがしまつやまし
330,1121600,羽生市,はにゅうし
330,1121700,鴻巣市,こうのすし
330,1121800,深谷市,ふかやし
330,1123200,久喜市,くきし
330,1134100,滑川町,なめがわまち
330,1134200,嵐山町,らんざんまち
330,1134300,小川町,おがわまち
330,1134700,吉見町,よしみまち
330,1134800,鳩山町,はとやままち
330,1134900,ときがわ町,ときがわまち
330,1136900,東秩父村,ひがしちちぶむら
330,1138100,埼玉美里町,さいたまみさとまち
330,1138300,埼玉神川町,さいたまかみかわまち
330,1138500,上里町,かみさとまち
330,1140800,寄居町,よりいまち
331,1110100,さいたま西区,さいたまにしく
331,1110200,さいたま北区,さいたまきたく
331,1110300,さいたま大宮区,さいたまおおみやく
331,1110400,さいたま見沼区,さいたまみぬまく
331,1110500,さいたま中央区,さいたまちゅうおうく
331,1110600,さいたま桜区,さいたまさくらく
331,1110700,さいたま浦和区,さいたまうらわく
331,1110800,さいたま南区,さいたまみなみく
331,1110900,さいたま緑区,さいたまみどりく
331,1111000,さいたま岩槻区,さいたまいわつきく
331,1120100,川越市,かわごえし
331,1120300,川口市,かわぐちし
331,1120800,所沢市,ところざわし
331,1120900,飯能市,はんのうし
331,1121400,春日部市,かすかべし
331,1121500,狭山市,さやまし
331,1121900,上尾市,あげおし
331,1122100,草加市,そうかし
331,1122200,越谷市,こしがやし
331,1122300,蕨市,わらびし
331,1122400,戸田市,とだし
331,1122500,入間市,いるまし
331,1122700,朝霞市,あさかし
331,1122800,志木市,しきし
331,1122900,和光市,わこうし
331,1123000,新座市,にいざし
331,1123100,桶川市,おけがわし
331,1123300,北本市,きたもとし
331,1123400,八潮市,やしおし
331,1123500,富士見市,ふじみし
331,1123700,三郷市,みさとし
331,1123800,蓮田市,はすだし
331,1123900,坂戸市,さかどし
331,1124000,幸手市,さってし
331,1124100,鶴ヶ島市,つるがしまし
331,1124200,日高市,ひだかし
331,1124300,吉川市,よしかわし
331,1124500,ふじみ野市,ふじみのし
331,1124600,白岡市,しらおかし
331,1130100,伊奈町,いなまち
331,1132400,埼玉三芳町,さいたまみよしまち
331,1132600,毛呂山町,もろやままち
331,1132700,越生町,おごせまち
331,1134600,川島町,かわじままち
331,1144200,宮代町,みやしろまち
331,1146400,杉戸町,すぎとまち
331,1146500,松伏町,まつぶしまち
332,1120700,秩父市,ちちぶし
332,1136100,横瀬町,よこぜまち
332,1136200,皆野町,みなのまち
332,1136300,長瀞町,ながとろまち
332,1136500,小鹿野町,おがのまち
340,1220200,銚子市,ちょうしし
340,1221000,茂原市,もばらし
340,1221300,東金市,とうがねし
340,1221500,旭市,あさひし
340,1223500,匝瑳市,そうさし
340,1223600,香取市,かとりし
340,1223700,山武市,さんむし
340,1223900,大網白里市,おおあみしらさとし
340,1234200,神崎町,こうざきまち
340,1234700,多古町,たこまち
340,1234900,東庄町,とうのしょうまち
340,1240300,九十九里町,くじゅうくりまち
340,1240900,芝山町,しばやままち
340,1241000,横芝光町,よこしばひかりまち
340,1242100,一宮町,いちのみやまち
340,1242200,睦沢町,むつざわまち
340,1242300,長生村,ちょうせいむら
340,1242400,白子町,しらこまち
340,1242600,長柄町,ながらまち
340,1242700,長南町,ちょうなんまち
341,1210100,千葉中央区,ちばちゅうおうく
341,1210200,千葉花見川区,ちばはなみがわく
341,1210300,千葉稲毛区,ちばいなげく
341,1210400,千葉若葉区,ちばわかばく
341,1210500,千葉緑区,ちばみどりく
341,1210600,千葉美浜区,ちばみはまく
341,1220300,市川市,いちかわし
341,1220400,船橋市,ふなばしし
341,1220700,松戸市,まつどし
341,1220800,野田市,のだし
341,1221100,成田市,なりたし
341,1221200,千葉佐倉市,ちばさくらし
341,1221600,習志野市,ならしのし
341,1221700,柏市,かしわし
341,1221900,市原市,いちはらし
341,1222000,流山市,ながれやまし
341,1222100,八千代市,やちよし
341,1222200,我孫子市,あびこし
341,1222400,鎌ケ谷市,かまがやし
341,1222700,浦安市,うらやすし
341,1222800,四街道市,よつかいどうし
341,1223000,八街市,やちまたし
341,1223100,印西市,いんざいし
341,1223200,白井市,しろいし
341,1223300,富里市,とみさとし
341,1232200,酒々井町,しすいまち
341,1232900,栄町,さかえまち
342,1220500,館山市,たてやまし
342,1220600,木更津市,きさらづし
342,1221800,勝浦市,かつうらし
342,1222300,鴨川市,かもがわし
342,1222500,君津市,きみつし
342,1222600,富津市,ふっつし
342,1222900,袖ケ浦市,そでがうらし
342,1223400,南房総市,みなみぼうそうし
342,1223800,いすみ市,いすみし
342,1244100,大多喜町,おおたきまち
342,1244300,御宿町,おんじゅくまち
342,1246300,鋸南町,きょなんまち
350,1310100,東京千代田区,とうきょうちよだく
350,1310200,東京中央区,とうきょうちゅうおうく
350,1310300,東京港区,とうきょうみなとく
350,1310400,東京新宿区,とうきょうしんじゅくく
350,1310500,東京文京区,とうきょうぶんきょうく
350,1310600,東京台東区,とうきょうたいとうく
350,1310700,東京墨田区,とうきょうすみだく
350,1310800,東京江東区,とうきょうこうとうく
350,1310900,東京品川区,とうきょうしながわく
350,1311000,東京目黒区,とうきょうめぐろく
350,1311100,東京大田区,とうきょうおおたく
350,1311200,東京世田谷区,とうきょうせたがやく
350,1311300,東京渋谷区,とうきょうしぶやく
350,1311400,東京中野区,とうきょうなかのく
350,1311500,東京杉並区,とうきょうすぎなみく
350,1311600,東京豊島区,とうきょうとしまく
350,1311700,東京北区,とうきょうきたく
350,1311800,東京荒川区,とうきょうあらかわく
350,1311900,東京板橋区,とうきょういたばしく
350,1312000,東京練馬区,とうきょうねりまく
350,1312100,東京足立区,とうきょうあだちく
350,1312200,東京葛飾区,とうきょうかつしかく
350,1312300,東京江戸川区,とうきょうえどがわく
351,1320100,八王子市,はちおうじし
351,1320200,立川市,たちかわし
351,1320300,武蔵野市,むさしのし
351,1320400,三鷹市,みたかし
351,1320600,東京府中市,とうきょうふちゅうし
351,1320700,昭島市,あきしまし
351,1320800,調布市,ちょうふし
351,1320900,町田市,まちだし
351,1321000,小金井市,こがねいし
351,1321100,小平市,こだいらし
351,1321200,日野市,ひのし
351,1321300,東村山市,ひがしむらやまし
351,1321400,国分寺市,こくぶんじし
351,1321500,国立市,くにたちし
351,1321800,福生市,ふっさし
351,1321900,狛江市,こまえし
351,1322000,東大和市,ひがしやまとし
351,1322100,清瀬市,きよせし
351,1322200,東久留米市,ひがしくるめし
351,1322300,武蔵村山市,むさしむらやまし
351,1322400,多摩市,たまし
351,1322500,稲城市,いなぎし
351,1322700,羽村市,はむらし
351,1322900,西東京市,にしとうきょうし
351,1330300,瑞穂町,みずほまち
352,1320500,青梅市,おうめし
352,1322800,あきる野市,あきるのし
352,1330500,日の出町,ひのでまち
352,1330700,檜原村,ひのはらむら
352,1330800,奥多摩町,おくたままち
354,1336400,神津島村,こうづしまむら
355,1336100,伊豆大島町,いずおおしままち
356,1336200,東京利島村,とうきょうとしまむら
356,1336300,新島村,にいじまむら
357,1338100,三宅村,みやけむら
357,1338200,御蔵島村,みくらじまむら
358,1340100,八丈町,はちじょうまち
358,1340200,青ヶ島村,あおがしまむら
359,1342100,小笠原村,おがさわらむら
360,1410100,横浜鶴見区,よこはまつるみく
360,1410200,横浜神奈川区,よこはまかながわく
360,1410300,横浜西区,よこはまにしく
360,1410400,横浜中区,よこはまなかく
360,1410500,横浜南区,よこはまみなみく
360,1410600,横浜保土ケ谷区,よこはまほどがやく
360,1410700,横浜磯子区,よこはまいそごく
360,1410800,横浜金沢区,よこはまかなざわく
360,1410900,横浜港北区,よこはまこうほくく
360,1411000,横浜戸塚区,よこはまとつかく
360,1411100,横浜港南区,よこはまこうなんく
360,1411200,横浜旭区,よこはまあさひく
360,1411300,横浜緑区,よこはまみどりく
360,1411400,横浜瀬谷区,よこはませやく
360,1411500,横浜栄区,よこはまさかえく
360,1411600,横浜泉区,よこはまいずみく
360,1411700,横浜青葉区,よこはまあおばく
360,1411800,横浜都筑区,よこはまつづきく
360,1413100,川崎川崎区,かわさきかわさきく
360,1413200,川崎幸区,かわさきさいわいく
360,1413300,川崎中原区,かわさきなかはらく
360,1413400,川崎高津区,かわさきたかつく
360,1413500,川崎多摩区,かわさきたまく
360,1413600,川崎宮前区,かわさきみやまえく
360,1413700,川崎麻生区,かわさきあさおく
360,1420100,横須賀市,よこすかし
360,1420300,平塚市,ひらつかし
360,1420400,鎌倉市,かまくらし
360,1420500,藤沢市,ふじさわし
360,1420700,茅ヶ崎市,ちがさきし
360,1420800,逗子市,ずしし
360,1421000,三浦市,みうらし
360,1421300,大和市,やまとし
360,1421500,海老名市,えびなし
360,1421600,座間市,ざまし
360,1421800,綾瀬市,あやせし
360,1430100,葉山町,はやままち
360,1432100,寒川町,さむかわまち
360,1434100,大磯町,おおいそまち
360,1434200,二宮町,にのみやまち
361,1415100,相模原緑区,さがみはらみどりく
361,1415200,相模原中央区,さがみはらちゅうおうく
361,1415300,相模原南区,さがみはらみなみく
361,1420600,小田原市,おだわらし
361,1421100,秦野市,はだのし
361,1421200,厚木市,あつぎし
361,1421400,伊勢原市,いせはらし
361,1421700,南足柄市,みなみあしがらし
361,1436100,中井町,なかいまち
361,1436200,神奈川大井町,かながわおおいまち
361,1436300,松田町,まつだまち
361,1436400,山北町,やまきたまち
361,1436600,開成町,かいせいまち
361,1438200,箱根町,はこねまち
361,1438300,真鶴町,まなづるまち
361,1438400,湯河原町,ゆがわらまち
361,1440100,愛川町,あいかわまち
361,1440200,清川村,きよかわむら
370,1521600,糸魚川市,いといがわし
370,1521700,妙高市,みょうこうし
370,1522200,上越市,じょうえつし
371,1520200,長岡市,ながおかし
371,1520400,三条市,さんじょうし
371,1520500,柏崎市,かしわざきし
371,1520800,小千谷市,おぢやし
371,1520900,加茂市,かもし
371,1521000,十日町市,とおかまちし
371,1521100,見附市,みつけし
371,1522500,魚沼市,うおぬまし
371,1522600,南魚沼市,みなみうおぬまし
371,1536100,田上町,たがみまち
371,1540500,出雲崎町,いずもざきまち
371,1546100,湯沢町,ゆざわまち
371,1548200,津南町,つなんまち
371,1550400,刈羽村,かりわむら
372,1510100,新潟北区,にいがたきたく
372,1510200,新潟東区,にいがたひがしく
372,1510300,新潟中央区,にいがたちゅうおうく
372,1510400,新潟江南区,にいがたこうなんく
372,1510500,新潟秋葉区,にいがたあきはく
372,1510600,新潟南区,にいがたみなみく
372,1510700,新潟西区,にいがたにしく
372,1510800,新潟西蒲区,にいがたにしかんく
372,1520600,新発田市,しばたし
372,1521200,村上市,むらかみし
372,1521300,燕市,つばめし
372,1521800,五泉市,ごせんし
372,1522300,阿賀野市,あがのし
372,1522700,胎内市,たいないし
372,1530700,聖籠町,せいろうまち
372,1534200,弥彦村,やひこむら
372,1538500,阿賀町,あがまち
372,1558100,関川村,せきかわむら
372,1558600,粟島浦村,あわしまうらむら
375,1522400,佐渡市,さどし
380,1620100,富山市,とやまし
380,1620400,魚津市,うおづし
380,1620600,滑川市,なめりかわし
380,1620700,黒部市,くろべし
380,1632100,舟橋村,ふなはしむら
380,1632200,上市町,かみいちまち
380,1632300,立山町,たてやままち
380,1634200,入善町,にゅうぜんまち
380,1634300,富山朝日町,とやまあさひまち
381,1620200,高岡市,たかおかし
381,1620500,氷見市,ひみし
381,1620800,砺波市,となみし
381,1620900,小矢部市,おやべし
381,1621000,南砺市,なんとし
381,1621100,射水市,いみずし
390,1720200,七尾市,ななおし
390,1720400,輪島市,わじまし
390,1720500,珠洲市,すずし
390,1720700,羽咋市,はくいし
390,1738400,志賀町,しかまち
390,1738600,宝達志水町,ほうだつしみずちょう
390,1740700,中能登町,なかのとまち
390,1746100,穴水町,あなみずまち
390,1746300,能登町,のとちょう
391,1720100,金沢市,かなざわし
391,1720300,小松市,こまつし
391,1720600,加賀市,かがし
391,1720900,かほく市,かほくし
391,1721000,白山市,はくさんし
391,1721100,能美市,のみし
391,1721200,野々市市,ののいちし
391,1732400,川北町,かわきたまち
391,1736100,津幡町,つばたまち
391,1736500,内灘町,うちなだまち
400,1820100,福井市,ふくいし
400,1820500,大野市,おおのし
400,1820600,勝山市,かつやまし
400,1820700,鯖江市,さばえし
400,1820800,あわら市,あわらし
400,1820900,越前市,えちぜんし
400,1821000,福井坂井市,ふくいさかいし
400,1832200,永平寺町,えいへいじちょう
400,1838200,福井池田町,ふくいいけだちょう
400,1840400,南越前町,みなみえちぜんちょう
400,1842300,越前町,えちぜんちょう
401,1820200,敦賀市,つるがし
401,1820400,小浜市,おばまし
401,1844200,福井美浜町,ふくいみはまちょう
401,1848100,高浜町,たかはまちょう
401,1848300,福井おおい町,ふくいおおいちょう
401,1850100,福井若狭町,ふくいわかさちょう
411,1920100,甲府市,こうふし
411,1920500,山梨市,やまなしし
411,1920700,韮崎市,にらさきし
411,1920800,南アルプス市,みなみあるぷすし
411,1920900,山梨北杜市,やまなしほくとし
411,1921000,甲斐市,かいし
411,1921100,笛吹市,ふえふきし
411,1921300,甲州市,こうしゅうし
411,1921400,中央市,ちゅうおうし
411,1934600,市川三郷町,いちかわみさとちょう
411,1936400,早川町,はやかわちょう
411,1936500,身延町,みのぶちょう
411,1936600,山梨南部町,やまなしなんぶちょう
411,1936800,富士川町,ふじかわちょう
411,1938400,昭和町,しょうわちょう
412,1920200,富士吉田市,ふじよしだし
412,1920400,都留市,つるし
412,1920600,大月市,おおつきし
412,1921200,上野原市,うえのはらし
412,1942200,道志村,どうしむら
412,1942300,西桂町,にしかつらちょう
412,1942400,忍野村,おしのむら
412,1942500,山中湖村,やまなかこむら
412,1942900,鳴沢村,なるさわむら
412,1943000,富士河口湖町,ふじかわぐちこまち
412,1944200,小菅村,こすげむら
412,1944300,丹波山村,たばやまむら
420,2020100,長野市,ながのし
420,2020700,須坂市,すざかし
420,2021100,中野市,なかのし
420,2021200,大町市,おおまちし
420,2021300,飯山市,いいやまし
420,2021800,千曲市,ちくまし
420,2048100,長野池田町,ながのいけだまち
420,2048200,松川村,まつかわむら
420,2048500,白馬村,はくばむら
420,2048600,小谷村,おたりむら
420,2052100,坂城町,さかきまち
420,2054100,小布施町,おぶせまち
420,2054300,長野高山村,ながのたかやまむら
420,2056100,山ノ内町,やまのうちまち
420,2056200,木島平村,きじまだいらむら
420,2056300,野沢温泉村,のざわおんせんむら
420,2058300,信濃町,しなのまち
420,2058800,小川村,おがわむら
420,2059000,飯綱町,いいづなまち
420,2060200,栄村,さかえむら
421,2020200,松本市,まつもとし
421,2020300,上田市,うえだし
421,2020400,岡谷市,おかやし
421,2020600,諏訪市,すわし
421,2020800,小諸市,こもろし
421,2021400,茅野市,ちのし
421,2021500,塩尻市,しおじりし
421,2021700,佐久市,さくし
421,2021900,東御市,とうみし
421,2022000,安曇野市,あづみのし
421,2030300,小海町,こうみまち
421,2030400,長野川上村,ながのかわかみむら
421,2030500,長野南牧村,ながのみなみまきむら
421,2030600,南相木村,みなみあいきむら
421,2030700,北相木村,きたあいきむら
421,2030900,佐久穂町,さくほまち
421,2032100,軽井沢町,かるいざわまち
421,2032300,御代田町,みよたまち
421,2032400,立科町,たてしなまち
421,2034900,青木村,あおきむら
421,2035000,長和町,ながわまち
421,2036100,下諏訪町,しもすわまち
421,2036200,富士見町,ふじみまち
421,2036300,原村,はらむら
421,2044600,麻績村,おみむら
421,2044800,生坂村,いくさかむら
421,2045000,山形村,やまがたむら
421,2045100,朝日村,あさひむら
421,2045200,筑北村,ちくほくむら
422,2020500,飯田市,いいだし
422,2020900,伊那市,いなし
422,2021000,駒ヶ根市,こまがねし
422,2038200,辰野町,たつのまち
422,2038300,箕輪町,みのわまち
422,2038400,飯島町,いいじままち
422,2038500,南箕輪村,みなみみのわむら
422,2038600,中川村,なかがわむら
422,2038800,宮田村,みやだむら
422,2040200,松川町,まつかわまち
422,2040300,長野高森町,ながのたかもりまち
422,2040400,阿南町,あなんちょう
422,2040700,阿智村,あちむら
422,2040900,平谷村,ひらやむら
422,2041000,根羽村,ねばむら
422,2041100,下條村,しもじょうむら
422,2041200,売木村,うるぎむら
422,2041300,天龍村,てんりゅうむら
422,2041400,泰阜村,やすおかむら
422,2041500,喬木村,たかぎむら
422,2041600,豊丘村,とよおかむら
422,2041700,大鹿村,おおしかむら
422,2042200,上松町,あげまつまち
422,2042300,南木曽町,なぎそまち
422,2042500,木祖村,きそむら
422,2042900,王滝村,おうたきむら
422,2043000,大桑村,おおくわむら
422,2043200,木曽町,きそまち
430,2120300,高山市,たかやまし
430,2121700,飛騨市,ひだし
430,2122000,下呂市,げろし
430,2160400,白川村,しらかわむら
431,2120400,多治見市,たじみし
431,2120600,中津川市,なかつがわし
431,2120800,瑞浪市,みずなみし
431,2121000,恵那市,えなし
431,2121100,美濃加茂市,みのかもし
431,2121200,土岐市,ときし
431,2121400,可児市,かにし
431,2150100,坂祝町,さかほぎちょう
431,2150200,富加町,とみかちょう
431,2150300,川辺町,かわべちょう
431,2150400,七宗町,ひちそうちょう
431,2150500,八百津町,やおつちょう
431,2150600,白川町,しらかわちょう
431,2150700,東白川村,ひがししらかわむら
431,2152100,御嵩町,みたけちょう
432,2120100,岐阜市,ぎふし
432,2120200,大垣市,おおがきし
432,2120500,関市,せきし
432,2120700,美濃市,みのし
432,2120900,羽島市,はしまし
432,2121300,各務原市,かかみがはらし
432,2121500,岐阜山県市,ぎふやまがたし
432,2121600,瑞穂市,みずほし
432,2121800,本巣市,もとすし
432,2121900,郡上市,ぐじょうし
432,2122100,海津市,かいづし
432,2130200,岐南町,ぎなんちょう
432,2130300,笠松町,かさまつちょう
432,2134100,養老町,ようろうちょう
432,2136100,垂井町,たるいちょう
432,2136200,関ケ原町,せきがはらちょう
432,2138100,神戸町,ごうどちょう
432,2138200,輪之内町,わのうちちょう
432,2138300,安八町,あんぱちちょう
432,2140100,揖斐川町,いびがわちょう
432,2140300,大野町,おおのちょう
432,2140400,岐阜池田町,ぎふいけだちょう
432,2142100,北方町,きたがたちょう
440,2220500,熱海市,あたみし
440,2220800,伊東市,いとうし
440,2221900,下田市,しもだし
440,2222200,伊豆市,いずし
440,2222500,伊豆の国市,いずのくにし
440,2230100,東伊豆町,ひがしいずちょう
440,2230200,河津町,かわづちょう
440,2230400,南伊豆町,みなみいずちょう
440,2230500,松崎町,まつざきちょう
440,2230600,西伊豆町,にしいずちょう
440,2232500,函南町,かんなみちょう
441,2220300,沼津市,ぬまづし
441,2220600,三島市,みしまし
441,2220700,富士宮市,ふじのみやし
441,2221000,富士市,ふじし
441,2221500,御殿場市,ごてんばし
441,2222000,裾野市,すそのし
441,2234100,静岡清水町,しずおかしみずちょう
441,2234200,長泉町,ながいずみちょう
441,2234400,小山町,おやまちょう
442,2210100,静岡葵区,しずおかあおいく
442,2210200,静岡駿河区,しずおかするがく
442,2210300,静岡清水区,しずおかしみずく
442,2220900,島田市,しまだし
442,2221200,焼津市,やいづし
442,2221400,藤枝市,ふじえだし
442,2222600,牧之原市,まきのはらし
442,2242400,吉田町,よしだちょう
442,2242900,川根本町,かわねほんちょう
443,2213100,浜松中区,はままつなかく
443,2213200,浜松東区,はままつひがしく
443,2213300,浜松西区,はままつにしく
443,2213400,浜松南区,はままつみなみく
443,2213500,浜松北区,はままつきたく
443,2213600,浜松浜北区,はままつはまきたく
443,2213700,浜松天竜区,はままつてんりゅうく
443,2221100,磐田市,いわたし
443,2221300,掛川市,かけがわし
443,2221600,袋井市,ふくろいし
443,2222100,湖西市,こさいし
443,2222300,御前崎市,おまえざきし
443,2222400,菊川市,きくがわし
443,2246100,静岡森町,しずおかもりまち
450,2320100,豊橋市,とよはしし
450,2320700,豊川市,とよかわし
450,2321400,蒲郡市,がまごおりし
450,2322100,新城市,しんしろし
450,2323100,田原市,たはらし
450,2356100,設楽町,したらちょう
450,2356200,東栄町,とうえいちょう
450,2356300,豊根村,とよねむら
451,2310100,名古屋千種区,なごやちくさく
451,2310200,名古屋東区,なごやひがしく
451,2310300,名古屋北区,なごやきたく
451,2310400,名古屋西区,なごやにしく
451,2310500,名古屋中村区,なごやなかむらく
451,2310600,名古屋中区,なごやなかく
451,2310700,名古屋昭和区,なごやしょうわく
451,2310800,名古屋瑞穂区,なごやみずほく
451,2310900,名古屋熱田区,なごやあつたく
451,2311000,名古屋中川区,なごやなかがわく
451,2311100,名古屋港区,なごやみなとく
451,2311200,名古屋南区,なごやみなみく
451,2311300,名古屋守山区,なごやもりやまく
451,2311400,名古屋緑区,なごやみどりく
451,2311500,名古屋名東区,なごやめいとうく
451,2311600,名古屋天白区,なごやてんぱくく
451,2320200,岡崎市,おかざきし
451,2320300,一宮市,いちのみやし
451,2320400,瀬戸市,せとし
451,2320500,半田市,はんだし
451,2320600,春日井市,かすがいし
451,2320800,愛知津島市,あいちつしまし
451,2320900,碧南市,へきなんし
451,2321000,刈谷市,かりやし
451,2321100,豊田市,とよたし
451,2321200,安城市,あんじょうし
451,2321300,西尾市,にしおし
451,2321500,犬山市,いぬやまし
451,2321600,常滑市,とこなめし
451,2321700,愛知江南市,あいちこうなんし
451,2321900,小牧市,こまきし
451,2322000,稲沢市,いなざわし
451,2322200,東海市,とうかいし
451,2322300,大府市,おおぶし
451,2322400,知多市,ちたし
451,2322500,知立市,ちりゅうし
451,2322600,尾張旭市,おわりあさひし
451,2322700,高浜市,たかはまし
451,2322800,岩倉市,いわくらし
451,2322900,豊明市,とよあけし
451,2323000,日進市,にっしんし
451,2323200,愛西市,あいさいし
451,2323300,清須市,きよすし
451,2323400,北名古屋市,きたなごやし
451,2323500,弥富市,やとみし
451,2323600,愛知みよし市,あいちみよしし
451,2323700,あま市,あまし
451,2323800,長久手市,ながくてし
451,2330200,東郷町,とうごうちょう
451,2334200,豊山町,とよやまちょう
451,2336100,大口町,おおぐちちょう
451,2336200,扶桑町,ふそうちょう
451,2342400,大治町,おおはるちょう
451,2342500,蟹江町,かにえちょう
451,2342700,飛島村,とびしまむら
451,2344100,阿久比町,あぐいちょう
451,2344200,東浦町,ひがしうらちょう
451,2344500,南知多町,みなみちたちょう
451,2344600,愛知美浜町,あいちみはまちょう
451,2344700,武豊町,たけとよちょう
451,2350100,幸田町,こうたちょう
460,2420200,四日市市,よっかいちし
460,2420500,桑名市,くわなし
460,2420700,鈴鹿市,すずかし
460,2421000,亀山市,かめやまし
460,2421400,いなべ市,いなべし
460,2430300,木曽岬町,きそさきちょう
460,2432400,東員町,とういんちょう
460,2434100,菰野町,こものちょう
460,2434300,三重朝日町,みえあさひちょう
460,2434400,川越町,かわごえちょう
461,2420100,津市,つし
461,2420400,松阪市,まつさかし
461,2420800,名張市,なばりし
461,2421600,伊賀市,いがし
461,2444100,多気町,たきちょう
461,2444200,三重明和町,みえめいわちょう
462,2420300,伊勢市,いせし
462,2420900,尾鷲市,おわせし
462,2421100,鳥羽市,とばし
462,2421200,熊野市,くまのし
462,2421500,志摩市,しまし
462,2444300,大台町,おおだいちょう
462,2446100,玉城町,たまきちょう
462,2447000,度会町,わたらいちょう
462,2447100,三重大紀町,みえたいきちょう
462,2447200,南伊勢町,みなみいせちょう
462,2454300,三重紀北町,みえきほくちょう
462,2456100,三重御浜町,みえみはまちょう
462,2456200,紀宝町,きほうちょう
500,2520200,彦根市,ひこねし
500,2520300,長浜市,ながはまし
500,2521200,高島市,たかしまし
500,2521400,米原市,まいばらし
500,2542500,愛荘町,あいしょうちょう
500,2544100,豊郷町,とよさとちょう
500,2544200,甲良町,こうらちょう
500,2544300,多賀町,たがちょう
501,2520100,大津市,おおつし
501,2520400,近江八幡市,おうみはちまんし
501,2520600,草津市,くさつし
501,2520700,守山市,もりやまし
501,2520800,栗東市,りっとうし
501,2520900,甲賀市,こうかし
501,2521000,野洲市,やすし
501,2521100,湖南市,こなんし
501,2521300,東近江市,ひがしおうみし
501,2538300,滋賀日野町,しがひのちょう
501,2538400,竜王町,りゅうおうちょう
510,2620100,福知山市,ふくちやまし
510,2620200,舞鶴市,まいづるし
510,2620300,綾部市,あやべし
510,2620500,宮津市,みやづし
510,2621200,京丹後市,きょうたんごし
510,2646300,伊根町,いねちょう
510,2646500,与謝野町,よさのちょう
511,2610100,京都北区,きょうときたく
511,2610200,京都上京区,きょうとかみぎょうく
511,2610300,京都左京区,きょうとさきょうく
511,2610400,京都中京区,きょうとなかぎょうく
511,2610500,京都東山区,きょうとひがしやまく
511,2610600,京都下京区,きょうとしもぎょうく
511,2610700,京都南区,きょうとみなみく
511,2610800,京都右京区,きょうとうきょうく
511,2610900,京都伏見区,きょうとふしみく
511,2611000,京都山科区,きょうとやましなく
511,2611100,京都西京区,きょうとにしきょうく
511,2620400,宇治市,うじし
511,2620600,亀岡市,かめおかし
511,2620700,城陽市,じょうようし
511,2620800,向日市,むこうし
511,2620900,長岡京市,ながおかきょうし
511,2621000,八幡市,やわたし
511,2621100,京田辺市,きょうたなべし
511,2621300,南丹市,なんたんし
511,2621400,木津川市,きづがわし
511,2630300,大山崎町,おおやまざきちょう
511,2632200,久御山町,くみやまちょう
511,2634300,井手町,いでちょう
511,2634400,宇治田原町,うじたわらちょう
511,2636400,笠置町,かさぎちょう
511,2636500,和束町,わづかちょう
511,2636600,精華町,せいかちょう
511,2636700,南山城村,みなみやましろむら
511,2640700,京丹波町,きょうたんばちょう
520,2710200,大阪都島区,おおさかみやこじまく
520,2710300,大阪福島区,おおさかふくしまく
520,2710400,大阪此花区,おおさかこのはなく
520,2710600,大阪西区,おおさかにしく
520,2710700,大阪港区,おおさかみなとく
520,2710800,大阪大正区,おおさかたいしょうく
520,2710900,大阪天王寺区,おおさかてんのうじく
520,2711100,大阪浪速区,おおさかなにわく
520,2711300,大阪西淀川区,おおさかにしよどがわく
520,2711400,大阪東淀川区,おおさかひがしよどがわく
520,2711500,大阪東成区,おおさかひがしなりく
520,2711600,大阪生野区,おおさかいくのく
520,2711700,大阪旭区,おおさかあさひく
520,2711800,大阪城東区,おおさかじょうとうく
520,2711900,大阪阿倍野区,おおさかあべのく
520,2712000,大阪住吉区,おおさかすみよしく
520,2712100,大阪東住吉区,おおさかひがしすみよしく
520,2712200,大阪西成区,おおさかにしなりく
520,2712300,大阪淀川区,おおさかよどがわく
520,2712400,大阪鶴見区,おおさかつるみく
520,2712500,大阪住之江区,おおさかすみのえく
520,2712600,大阪平野区,おおさかひらのく
520,2712700,大阪北区,おおさかきたく
520,2712800,大阪中央区,おおさかちゅうおうく
520,2720300,豊中市,とよなかし
520,2720400,池田市,いけだし
520,2720500,吹田市,すいたし
520,2720700,高槻市,たかつきし
520,2720900,守口市,もりぐちし
520,2721000,枚方市,ひらかたし
520,2721100,茨木市,いばらきし
520,2721200,八尾市,やおし
520,2721500,寝屋川市,ねやがわし
520,2721800,大東市,だいとうし
520,2722000,箕面市,みのおし
520,2722100,柏原市,かしわらし
520,2722300,門真市,かどまし
520,2722400,摂津市,せっつし
520,2722700,東大阪市,ひがしおおさかし
520,2722900,四條畷市,しじょうなわてし
520,2723000,交野市,かたのし
520,2730100,島本町,しまもとちょう
520,2732100,豊能町,とよのちょう
520,2732200,能勢町,のせちょう
521,2714100,大阪堺市堺区,おおさかさかいしさかいく
521,2714200,大阪堺市中区,おおさかさかいしなかく
521,2714300,大阪堺市東区,おおさかさかいしひがしく
521,2714400,大阪堺市西区,おおさかさかいしにしく
521,2714500,大阪堺市南区,おおさかさかいしみなみく
521,2714600,大阪堺市北区,おおさかさかいしきたく
521,2714700,大阪堺市美原区,おおさかさかいしみはらく
521,2720200,岸和田市,きしわだし
521,2720600,泉大津市,いずみおおつし
521,2720800,貝塚市,かいづかし
521,2721300,泉佐野市,いずみさのし
521,2721400,富田林市,とんだばやしし
521,2721600,河内長野市,かわちながのし
521,2721700,松原市,まつばらし
521,2721900,大阪和泉市,おおさかいずみし
521,2722200,羽曳野市,はびきのし
521,2722500,高石市,たかいしし
521,2722600,藤井寺市,ふじいでらし
521,2722800,泉南市,せんなんし
521,2723100,大阪狭山市,おおさかさやまし
521,2723200,阪南市,はんなんし
521,2734100,忠岡町,ただおかちょう
521,2736100,熊取町,くまとりちょう
521,2736200,田尻町,たじりちょう
521,2736600,大阪岬町,おおさかみさきちょう
521,2738100,大阪太子町,おおさかたいしちょう
521,2738200,河南町,かなんちょう
521,2738300,千早赤阪村,ちはやあかさかむら
530,2820900,豊岡市,とよおかし
530,2822200,養父市,やぶし
530,2822500,朝来市,あさごし
530,2858500,兵庫香美町,ひょうごかみちょう
530,2858600,新温泉町,しんおんせんちょう
531,2810100,神戸東灘区,こうべひがしなだく
531,2810200,神戸灘区,こうべなだく
531,2810500,神戸兵庫区,こうべひょうごく
531,2810600,神戸長田区,こうべながたく
531,2810700,神戸須磨区,こうべすまく
531,2810800,神戸垂水区,こうべたるみく
531,2810900,神戸北区,こうべきたく
531,2811000,神戸中央区,こうべちゅうおうく
531,2811100,神戸西区,こうべにしく
531,2820200,尼崎市,あまがさきし
531,2820300,明石市,あかしし
531,2820400,西宮市,にしのみやし
531,2820600,芦屋市,あしやし
531,2820700,伊丹市,いたみし
531,2821000,加古川市,かこがわし
531,2821300,西脇市,にしわきし
531,2821400,宝塚市,たからづかし
531,2821500,三木市,みきし
531,2821600,高砂市,たかさごし
531,2821700,川西市,かわにしし
531,2821800,小野市,おのし
531,2821900,三田市,さんだし
531,2822000,加西市,かさいし
531,2822100,丹波篠山市,たんばささやまし
531,2822300,丹波市,たんばし
531,2822800,加東市,かとうし
531,2830100,猪名川町,いながわちょう
531,2836500,多可町,たかちょう
531,2838100,兵庫稲美町,ひょうごいなみちょう
531,2838200,播磨町,はりまちょう
532,2820100,姫路市,ひめじし
532,2820800,相生市,あいおいし
532,2821200,赤穂市,あこうし
532,2822700,宍粟市,しそうし
532,2822900,たつの市,たつのし
532,2844200,市川町,いちかわちょう
532,2844300,福崎町,ふくさきちょう
532,2844600,兵庫神河町,ひょうごかみかわちょう
532,2846400,兵庫太子町,ひょうごたいしちょう
532,2848100,上郡町,かみごおりちょう
532,2850100,佐用町,さようちょう
535,2820500,洲本市,すもとし
535,2822400,南あわじ市,みなみあわじし
535,2822600,淡路市,あわじし
540,2920100,奈良市,ならし
540,2920200,大和高田市,やまとたかだし
540,2920300,大和郡山市,やまとこおりやまし
540,2920400,天理市,てんりし
540,2920500,橿原市,かしはらし
540,2920600,桜井市,さくらいし
540,2920700,五條市,ごじょうし
540,2920800,御所市,ごせし
540,2920900,生駒市,いこまし
540,2921000,香芝市,かしばし
540,2921100,葛城市,かつらぎし
540,2921200,宇陀市,うだし
540,2932200,山添村,やまぞえむら
540,2934200,平群町,へぐりちょう
540,2934300,三郷町,さんごうちょう
540,2934400,斑鳩町,いかるがちょう
540,2934500,安堵町,あんどちょう
540,2936100,奈良川西町,ならかわにしちょう
540,2936200,三宅町,みやけちょう
540,2936300,田原本町,たわらもとちょう
540,2938500,曽爾村,そにむら
540,2938600,御杖村,みつえむら
540,2940100,高取町,たかとりちょう
540,2940200,明日香村,あすかむら
540,2942400,上牧町,かんまきちょう
540,2942500,王寺町,おうじちょう
540,2942600,広陵町,こうりょうちょう
540,2942700,河合町,かわいちょう
540,2944100,吉野町,よしのちょう
540,2944200,大淀町,おおよどちょう
540,2944300,下市町,しもいちちょう
540,2944400,黒滝村,くろたきむら
540,2944600,天川村,てんかわむら
540,2944700,野迫川村,のせがわむら
540,2944900,十津川村,とつかわむら
540,2945000,下北山村,しもきたやまむら
540,2945100,上北山村,かみきたやまむら
540,2945200,奈良川上村,ならかわかみむら
540,2945300,東吉野村,ひがしよしのむら
550,3020100,和歌山市,わかやまし
550,3020200,海南市,かいなんし
550,3020300,橋本市,はしもとし
550,3020400,有田市,ありだし
550,3020500,御坊市,ごぼうし
550,3020800,紀の川市,きのかわし
550,3020900,岩出市,いわでし
550,3030400,紀美野町,きみのちょう
550,3034100,かつらぎ町,かつらぎちょう
550,3034300,九度山町,くどやまちょう
550,3034400,高野町,こうやちょう
550,3036100,湯浅町,ゆあさちょう
550,3036200,和歌山広川町,わかやまひろがわちょう
550,3036600,有田川町,ありだがわちょう
550,3038100,和歌山美浜町,わかやまみはまちょう
550,3038200,和歌山日高町,わかやまひだかちょう
550,3038300,由良町,ゆらちょう
550,3039000,和歌山印南町,わかやまいなみちょう
550,3039100,みなべ町,みなべちょう
550,3039200,日高川町,ひだかがわちょう
551,3020600,田辺市,たなべし
551,3020700,新宮市,しんぐうし
551,3040100,白浜町,しらはまちょう
551,3040400,上富田町,かみとんだちょう
551,3040600,すさみ町,すさみちょう
551,3042100,那智勝浦町,なちかつうらちょう
551,3042200,太地町,たいじちょう
551,3042400,古座川町,こざがわちょう
551,3042700,北山村,きたやまむら
551,3042800,串本町,くしもとちょう
560,3120100,鳥取市,とっとりし
560,3130200,岩美町,いわみちょう
560,3132500,鳥取若桜町,とっとりわかさちょう
560,3132800,智頭町,ちづちょう
560,3132900,八頭町,やずちょう
562,3120300,倉吉市,くらよしし
562,3136400,三朝町,みささちょう
562,3137000,湯梨浜町,ゆりはまちょう
562,3137100,琴浦町,ことうらちょう
562,3137200,北栄町,ほくえいちょう
563,3120200,米子市,よなごし
563,3120400,境港市,さかいみなとし
563,3138400,日吉津村,ひえづそん
563,3138600,大山町,だいせんちょう
563,3138900,鳥取南部町,とっとりなんぶちょう
563,3139000,伯耆町,ほうきちょう
563,3140100,日南町,にちなんちょう
563,3140200,鳥取日野町,とっとりひのちょう
563,3140300,江府町,こうふちょう
570,3220100,松江市,まつえし
570,3220300,出雲市,いずもし
570,3220600,安来市,やすぎし
570,3220900,雲南市,うんなんし
570,3234300,奥出雲町,おくいずもちょう
570,3238600,飯南町,いいなんちょう
571,3220200,浜田市,はまだし
571,3220400,益田市,ますだし
571,3220500,大田市,おおだし
571,3220700,江津市,ごうつし
571,3244100,川本町,かわもとまち
571,3244800,島根美郷町,しまねみさとちょう
571,3244900,邑南町,おおなんちょう
571,3250100,津和野町,つわのちょう
571,3250500,吉賀町,よしかちょう
575,3252500,海士町,あまちょう
575,3252600,西ノ島町,にしのしまちょう
575,3252700,知夫村,ちぶむら
575,3252800,隠岐の島町,おきのしまちょう
580,3320300,津山市,つやまし
580,3321000,新見市,にいみし
580,3321400,真庭市,まにわし
580,3321500,美作市,みまさかし
580,3358600,新庄村,しんじょうそん
580,3360600,鏡野町,かがみのちょう
580,3362200,勝央町,しょうおうちょう
580,3362300,奈義町,なぎちょう
580,3364300,西粟倉村,にしあわくらそん
580,3366300,久米南町,くめなんちょう
580,3366600,岡山美咲町,おかやまみさきちょう
581,3310100,岡山北区,おかやまきたく
581,3310200,岡山中区,おかやまなかく
581,3310300,岡山東区,おかやまひがしく
581,3310400,岡山南区,おかやまみなみく
581,3320200,倉敷市,くらしきし
581,3320400,玉野市,たまのし
581,3320500,笠岡市,かさおかし
581,3320700,井原市,いばらし
581,3320800,総社市,そうじゃし
581,3320900,高梁市,たかはしし
581,3321100,備前市,びぜんし
581,3321200,瀬戸内市,せとうちし
581,3321300,赤磐市,あかいわし
581,3321600,浅口市,あさくちし
581,3334600,和気町,わけちょう
581,3342300,早島町,はやしまちょう
581,3344500,里庄町,さとしょうちょう
581,3346100,矢掛町,やかげちょう
581,3368100,吉備中央町,きびちゅうおうちょう
590,3420900,広島三次市,ひろしまみよしし
590,3421000,庄原市,しょうばらし
590,3421400,安芸高田市,あきたかたし
590,3436800,安芸太田町,あきおおたちょう
590,3436900,北広島町,きたひろしまちょう
591,3420400,三原市,みはらし
591,3420500,尾道市,おのみちし
591,3420700,福山市,ふくやまし
591,3420800,広島府中市,ひろしまふちゅうし
591,3446200,世羅町,せらちょう
591,3454500,神石高原町,じんせきこうげんちょう
592,3410100,広島中区,ひろしまなかく
592,3410200,広島東区,ひろしまひがしく
592,3410300,広島南区,ひろしまみなみく
592,3410400,広島西区,ひろしまにしく
592,3410500,広島安佐南区,ひろしまあさみなみく
592,3410600,広島安佐北区,ひろしまあさきたく
592,3410700,広島安芸区,ひろしまあきく
592,3410800,広島佐伯区,ひろしまさえきく
592,3420200,呉市,くれし
592,3420300,竹原市,たけはらし
592,3421100,大竹市,おおたけし
592,3421200,東広島市,ひがしひろしまし
592,3421300,廿日市市,はつかいちし
592,3421500,江田島市,えたじまし
592,3430200,府中町,ふちゅうちょう
592,3430400,海田町,かいたちょう
592,3430700,熊野町,くまのちょう
592,3430900,坂町,さかちょう
592,3443100,大崎上島町,おおさきかみじまちょう
600,3620100,徳島市,とくしまし
600,3620200,鳴門市,なるとし
600,3620300,小松島市,こまつしまし
600,3620500,吉野川市,よしのがわし
600,3620600,阿波市,あわし
600,3620700,美馬市,みまし
600,3620800,徳島三好市,とくしまみよしし
600,3632100,佐那河内村,さなごうちそん
600,3634100,石井町,いしいちょう
600,3634200,神山町,かみやまちょう
600,3640100,松茂町,まつしげちょう
600,3640200,北島町,きたじまちょう
600,3640300,藍住町,あいずみちょう
600,3640400,板野町,いたのちょう
600,3640500,上板町,かみいたちょう
600,3646800,つるぎ町,つるぎちょう
600,3648900,東みよし町,ひがしみよしちょう
601,3620400,阿南市,あなんし
601,3630100,勝浦町,かつうらちょう
601,3630200,上勝町,かみかつちょう
601,3636800,那賀町,なかちょう
601,3638300,牟岐町,むぎちょう
601,3638700,美波町,みなみちょう
601,3638800,海陽町,かいようちょう
610,3720100,高松市,たかまつし
610,3720600,さぬき市,さぬきし
610,3720700,東かがわ市,ひがしかがわし
610,3732200,土庄町,とのしょうちょう
610,3732400,小豆島町,しょうどしまちょう
610,3734100,三木町,みきちょう
610,3736400,直島町,なおしまちょう
611,3720200,丸亀市,まるがめし
611,3720300,坂出市,さかいでし
611,3720400,善通寺市,ぜんつうじし
611,3720500,観音寺市,かんおんじし
611,3720800,三豊市,みとよし
611,3738600,宇多津町,うたづちょう
611,3738700,綾川町,あやがわちょう
611,3740300,琴平町,ことひらちょう
611,3740400,多度津町,たどつちょう
611,3740600,まんのう町,まんのうちょう
620,3820200,今治市,いまばりし
620,3820500,新居浜市,にいはまし
620,3820600,西条市,さいじょうし
620,3821300,四国中央市,しこくちゅうおうし
620,3835600,上島町,かみじまちょう
621,3820100,松山市,まつやまし
621,3821000,伊予市,いよし
621,3821500,東温市,とうおんし
621,3838600,久万高原町,くまこうげんちょう
621,3840100,愛媛松前町,えひめまさきちょう
621,3840200,砥部町,とべちょう
622,3820300,宇和島市,うわじまし
622,3820400,八幡浜市,やわたはまし
622,3820700,大洲市,おおずし
622,3821400,西予市,せいよし
622,3842200,内子町,うちこちょう
622,3844200,伊方町,いかたちょう
622,3848400,松野町,まつのちょう
622,3848800,愛媛鬼北町,えひめきほくちょう
622,3850600,愛南町,あいなんちょう
630,3920200,室戸市,むろとし
630,3920300,安芸市,あきし
630,3930100,東洋町,とうようちょう
630,3930200,奈半利町,なはりちょう
630,3930300,田野町,たのちょう
630,3930400,安田町,やすだちょう
630,3930500,北川村,きたがわむら
630,3930600,馬路村,うまじむら
630,3930700,芸西村,げいせいむら
631,3920100,高知市,こうちし
631,3920400,南国市,なんこくし
631,3920500,土佐市,とさし
631,3920600,須崎市,すさきし
631,3921100,高知香南市,こうちこうなんし
631,3921200,香美市,かみし
631,3934100,本山町,もとやまちょう
631,3934400,大豊町,おおとよちょう
631,3936300,土佐町,とさちょう
631,3936400,大川村,おおかわむら
631,3938600,いの町,いのちょう
631,3938700,仁淀川町,によどがわちょう
631,3940200,佐川町,さかわちょう
631,3940300,越知町,おちちょう
631,3941000,日高村,ひだかむら
632,3920800,宿毛市,すくもし
632,3920900,土佐清水市,とさしみずし
632,3921000,四万十市,しまんとし
632,3940100,中土佐町,なかとさちょう
632,3940500,梼原町,ゆすはらちょう
632,3941100,高知津野町,こうちつのちょう
632,3941200,四万十町,しまんとちょう
632,3942400,大月町,おおつきちょう
632,3942700,三原村,みはらむら
632,3942800,黒潮町,くろしおちょう
700,3520400,萩市,はぎし
700,3521100,長門市,ながとし
700,3521300,美祢市,みねし
700,3550200,阿武町,あぶちょう
702,3520100,下関市,しものせきし
702,3520200,宇部市,うべし
702,3521600,山陽小野田市,さんようおのだし
703,3520800,岩国市,いわくにし
703,3521000,光市,ひかりし
703,3521200,柳井市,やないし
703,3530500,周防大島町,すおうおおしまちょう
703,3532100,和木町,わきちょう
703,3534100,上関町,かみのせきちょう
703,3534300,田布施町,たぶせちょう
703,3534400,平生町,ひらおちょう
704,3520300,山口市,やまぐちし
704,3520600,防府市,ほうふし
704,3520700,下松市,くだまつし
704,3521500,周南市,しゅうなんし
710,4013100,福岡東区,ふくおかひがしく
710,4013200,福岡博多区,ふくおかはかたく
710,4013300,福岡中央区,ふくおかちゅうおうく
710,4013400,福岡南区,ふくおかみなみく
710,4013500,福岡西区,ふくおかにしく
710,4013600,福岡城南区,ふくおかじょうなんく
710,4013700,福岡早良区,ふくおかさわらく
710,4021700,筑紫野市,ちくしのし
710,4021800,春日市,かすがし
710,4021900,大野城市,おおのじょうし
710,4022000,宗像市,むなかたし
710,4022100,太宰府市,だざいふし
710,4022300,福岡古賀市,ふくおかこがし
710,4022400,福津市,ふくつし
710,4023000,糸島市,いとしまし
710,4023100,那珂川市,なかがわし
710,4034100,宇美町,うみまち
710,4034200,篠栗町,ささぐりまち
710,4034300,志免町,しめまち
710,4034400,須恵町,すえまち
710,4034500,新宮町,しんぐうまち
710,4034800,久山町,ひさやままち
710,4034900,粕屋町,かすやまち
711,4010100,北九州門司区,きたきゅうしゅうもじく
711,4010300,北九州若松区,きたきゅうしゅうわかまつく
711,4010500,北九州戸畑区,きたきゅうしゅうとばたく
711,4010600,北九州小倉北区,きたきゅうしゅうこくらきたく
711,4010700,北九州小倉南区,きたきゅうしゅうこくらみなみく
711,4010800,北九州八幡東区,きたきゅうしゅうやはたひがしく
711,4010900,北九州八幡西区,きたきゅうしゅうやはたにしく
711,4021300,行橋市,ゆくはしし
711,4021400,豊前市,ぶぜんし
711,4021500,中間市,なかまし
711,4038100,芦屋町,あしやまち
711,4038200,水巻町,みずまきまち
711,4038300,岡垣町,おかがきまち
711,4038400,遠賀町,おんがちょう
711,4062100,苅田町,かんだまち
711,4062500,みやこ町,みやこまち
711,4064200,吉富町,よしとみまち
711,4064600,上毛町,こうげまち
711,4064700,築上町,ちくじょうまち
712,4020400,直方市,のおがたし
712,4020500,飯塚市,いいづかし
712,4020600,田川市,たがわし
712,4022600,宮若市,みやわかし
712,4022700,嘉麻市,かまし
712,4040100,小竹町,こたけまち
712,4040200,鞍手町,くらてまち
712,4042100,桂川町,けいせんまち
712,4060100,香春町,かわらまち
712,4060200,添田町,そえだまち
712,4060400,糸田町,いとだまち
712,4060500,福岡川崎町,ふくおかかわさきまち
712,4060800,大任町,おおとうまち
712,4060900,赤村,あかむら
712,4061000,福智町,ふくちまち
713,4020200,大牟田市,おおむたし
713,4020300,久留米市,くるめし
713,4020700,柳川市,やながわし
713,4021000,八女市,やめし
713,4021100,筑後市,ちくごし
713,4021200,大川市,おおかわし
713,4021600,小郡市,おごおりし
713,4022500,うきは市,うきはし
713,4022800,朝倉市,あさくらし
713,4022900,みやま市,みやまし
713,4044700,筑前町,ちくぜんまち
713,4044800,東峰村,とうほうむら
713,4050300,大刀洗町,たちあらいまち
713,4052200,大木町,おおきまち
713,4054400,福岡広川町,ふくおかひろかわまち
720,4120200,唐津市,からつし
720,4120500,伊万里市,いまりし
720,4138700,玄海町,げんかいちょう
720,4140100,有田町,ありたちょう
721,4120100,佐賀市,さがし
721,4120300,鳥栖市,とすし
721,4120400,多久市,たくし
721,4120600,武雄市,たけおし
721,4120700,佐賀鹿島市,さがかしまし
721,4120800,小城市,おぎし
721,4120900,嬉野市,うれしのし
721,4121000,神埼市,かんざきし
721,4132700,吉野ヶ里町,よしのがりちょう
721,4134100,基山町,きやまちょう
721,4134500,上峰町,かみみねちょう
721,4134600,みやき町,みやきちょう
721,4142300,大町町,おおまちちょう
721,4142400,江北町,こうほくまち
721,4142500,白石町,しろいしちょう
721,4144100,太良町,たらちょう
730,4220201,佐世保市,させぼし
730,4220700,平戸市,ひらどし
730,4220800,松浦市,まつうらし
730,4232100,東彼杵町,ひがしそのぎちょう
730,4232200,川棚町,かわたなちょう
730,4232300,波佐見町,はさみちょう
730,4239100,佐々町,さざちょう
731,4220100,長崎市,ながさきし
731,4220400,諫早市,いさはやし
731,4220500,大村市,おおむらし
731,4221200,西海市,さいかいし
731,4230700,長与町,ながよちょう
731,4230800,時津町,とぎつちょう
732,4220300,島原市,しまばらし
732,4221300,雲仙市,うんぜんし
732,4221400,南島原市,みなみしまばらし
735,4220900,長崎対馬市,ながさきつしまし
736,4221000,壱岐市,いきし
737,4220202,佐世保市宇久島,させぼしうくじま
737,4221100,五島市,ごとうし
737,4238300,小値賀町,おぢかちょう
737,4241100,新上五島町,しんかみごとうちょう
740,4321400,阿蘇市,あそし
740,4342300,南小国町,みなみおぐにまち
740,4342400,熊本小国町,くまもとおぐにまち
740,4342500,産山村,うぶやまむら
740,4342800,熊本高森町,くまもとたかもりまち
740,4343300,南阿蘇村,みなみあそむら
741,4310100,熊本中央区,くまもとちゅうおうく
741,4310200,熊本東区,くまもとひがしく
741,4310300,熊本西区,くまもとにしく
741,4310400,熊本南区,くまもとみなみく
741,4310500,熊本北区,くまもときたく
741,4320200,八代市,やつしろし
741,4320400,荒尾市,あらおし
741,4320600,玉名市,たまなし
741,4320800,山鹿市,やまがし
741,4321000,菊池市,きくちし
741,4321100,宇土市,うとし
741,4321300,宇城市,うきし
741,4321600,合志市,こうしし
741,4334800,熊本美里町,くまもとみさとまち
741,4336400,玉東町,ぎょくとうまち
741,4336700,南関町,なんかんまち
741,4336800,長洲町,ながすまち
741,4336900,和水町,なごみまち
741,4340300,大津町,おおづまち
741,4340400,菊陽町,きくようまち
741,4343200,西原村,にしはらむら
741,4344100,御船町,みふねまち
741,4344200,嘉島町,かしままち
741,4344300,益城町,ましきまち
741,4344400,甲佐町,こうさまち
741,4344700,山都町,やまとちょう
741,4346800,氷川町,ひかわちょう
742,4320300,人吉市,ひとよしし
742,4350100,錦町,にしきまち
742,4350500,多良木町,たらぎまち
742,4350600,湯前町,ゆのまえまち
742,4350700,水上村,みずかみむら
742,4351000,相良村,さがらむら
742,4351100,五木村,いつきむら
742,4351200,山江村,やまえむら
742,4351300,球磨村,くまむら
742,4351400,あさぎり町,あさぎりちょう
743,4320500,水俣市,みなまたし
743,4321200,上天草市,かみあまくさし
743,4321500,天草市,あまくさし
743,4348200,芦北町,あしきたまち
743,4348400,津奈木町,つなぎまち
743,4353100,苓北町,れいほくまち
750,4420300,中津市,なかつし
750,4420900,豊後高田市,ぶんごたかだし
750,4421100,宇佐市,うさし
750,4421400,国東市,くにさきし
750,4432200,姫島村,ひめしまむら
751,4420100,大分市,おおいたし
751,4420200,別府市,べっぷし
751,4420600,臼杵市,うすきし
751,4420700,津久見市,つくみし
751,4421000,杵築市,きつきし
751,4421300,由布市,ゆふし
751,4434100,日出町,ひじまち
752,4420500,佐伯市,さいきし
752,4421200,豊後大野市,ぶんごおおのし
753,4420400,日田市,ひたし
753,4420800,竹田市,たけたし
753,4446100,九重町,ここのえまち
753,4446200,玖珠町,くすまち
760,4520300,延岡市,のべおかし
760,4520600,日向市,ひゅうがし
760,4520800,西都市,さいとし
760,4540100,高鍋町,たかなべちょう
760,4540200,新富町,しんとみちょう
760,4540400,木城町,きじょうちょう
760,4540500,川南町,かわみなみちょう
760,4540600,宮崎都農町,みやざきつのちょう
760,4542100,門川町,かどがわちょう
761,4540300,西米良村,にしめらそん
761,4542900,諸塚村,もろつかそん
761,4543000,椎葉村,しいばそん
761,4543100,宮崎美郷町,みやざきみさとちょう
761,4544100,高千穂町,たかちほちょう
761,4544200,日之影町,ひのかげちょう
761,4544300,五ヶ瀬町,ごかせちょう
762,4520100,宮崎市,みやざきし
762,4520400,日南市,にちなんし
762,4520700,串間市,くしまし
762,4538200,国富町,くにとみちょう
762,4538300,綾町,あやちょう
763,4520200,都城市,みやこのじょうし
763,4520500,小林市,こばやしし
763,4520900,えびの市,えびのし
763,4534100,三股町,みまたちょう
763,4536100,高原町,たかはるちょう
770,4620100,鹿児島市,かごしまし
770,4620400,枕崎市,まくらざきし
770,4620600,阿久根市,あくねし
770,4620800,鹿児島出水市,かごしまいずみし
770,4621000,指宿市,いぶすきし
770,4621501,薩摩川内市,さつませんだいし
770,4621600,日置市,ひおきし
770,4621800,霧島市,きりしまし
770,4621900,いちき串木野市,いちきくしきのし
770,4622000,南さつま市,みなみさつまし
770,4622300,南九州市,みなみきゅうしゅうし
770,4622400,伊佐市,いさし
770,4622500,姶良市,あいらし
770,4639200,さつま町,さつまちょう
770,4640400,長島町,ながしまちょう
770,4645200,湧水町,ゆうすいちょう
771,4620300,鹿屋市,かのやし
771,4621400,垂水市,たるみずし
771,4621700,曽於市,そおし
771,4622100,志布志市,しぶしし
771,4646800,大崎町,おおさきちょう
771,4648200,東串良町,ひがしくしらちょう
771,4649000,錦江町,きんこうちょう
771,4649100,南大隅町,みなみおおすみちょう
771,4649200,肝付町,きもつきちょう
774,4630400,鹿児島十島村,かごしまとしまむら
775,4621502,薩摩川内市甑島,さつませんだいしこしきしま
776,4621300,西之表市,にしのおもてし
776,4630300,三島村,みしまむら
776,4650100,中種子町,なかたねちょう
776,4650200,南種子町,みなみたねちょう
777,4650500,屋久島町,やくしまちょう
778,4622200,奄美市,あまみし
778,4652300,大和村,やまとそん
778,4652400,宇検村,うけんそん
778,4652500,瀬戸内町,せとうちちょう
778,4652700,龍郷町,たつごうちょう
778,4652900,喜界町,きかいちょう
779,4653000,徳之島町,とくのしまちょう
779,4653100,天城町,あまぎちょう
779,4653200,伊仙町,いせんちょう
779,4653300,和泊町,わどまりちょう
779,4653400,知名町,ちなちょう
779,4653500,与論町,よろんちょう
800,4720900,名護市,なごし
800,4730100,国頭村,くにがみそん
800,4730200,大宜味村,おおぎみそん
800,4730300,東村,ひがしそん
800,4730600,今帰仁村,なきじんそん
800,4730800,本部町,もとぶちょう
800,4731100,恩納村,おんなそん
800,4731300,宜野座村,ぎのざそん
800,4731400,金武町,きんちょう
800,4731500,伊江村,いえそん
800,4735500,粟国村,あぐにそん
800,4735900,伊平屋村,いへやそん
800,4736000,伊是名村,いぜなそん
801,4720100,那覇市,なはし
801,4720500,宜野湾市,ぎのわんし
801,4720800,浦添市,うらそえし
801,4721000,糸満市,いとまんし
801,4721100,沖縄市,おきなわし
801,4721200,豊見城市,とみぐすくし
801,4721300,うるま市,うるまし
801,4721500,南城市,なんじょうし
801,4732400,読谷村,よみたんそん
801,4732500,嘉手納町,かでなちょう
801,4732600,北谷町,ちゃたんちょう
801,4732700,北中城村,きたなかぐすくそん
801,4732800,中城村,なかぐすくそん
801,4732900,西原町,にしはらちょう
801,4734800,与那原町,よなばるちょう
801,4735000,南風原町,はえばるちょう
801,4735300,渡嘉敷村,とかしきそん
801,4735400,座間味村,ざまみそん
801,4735600,渡名喜村,となきそん
801,4736200,八重瀬町,やえせちょう
802,4736100,久米島町,くめじまちょう
803,4735700,南大東村,みなみだいとうそん
803,4735800,北大東村,きただいとうそん
804,4721400,宮古島市,みやこじまし
804,4737500,多良間村,たらまそん
805,4720700,石垣市,いしがきし
806,4738200,与那国町,よなぐにちょう
807,4738100,竹富町,たけとみちょう